{"loss": [0.17512044310569763, 0.1669856309890747, 0.16098244488239288, 0.16202957928180695, 0.15942993760108948, 0.15803420543670654, 0.15583236515522003, 0.15231232345104218, 0.15023045241832733, 0.15116886794567108, 0.14965766668319702, 0.14684085547924042, 0.14772135019302368, 0.1458227038383484, 0.14617717266082764, 0.14477191865444183, 0.14376458525657654, 0.14173632860183716], "mse": [0.019847232848405838, 0.01788334734737873, 0.01743527315557003, 0.01803809218108654, 0.017388615757226944, 0.01768968626856804, 0.0169567558914423, 0.01700596697628498, 0.016717134043574333, 0.017124542966485023, 0.01686204969882965, 0.01615006849169731, 0.01700250804424286, 0.016238566488027573, 0.016627781093120575, 0.016434958204627037, 0.016222098842263222, 0.01605740189552307], "ssim_loss": [0.537424623966217, 0.5148910284042358, 0.4959259033203125, 0.49800974130630493, 0.49085941910743713, 0.4855046570301056, 0.479875385761261, 0.46802714467048645, 0.461761474609375, 0.4639390707015991, 0.4595138728618622, 0.45178601145744324, 0.45273175835609436, 0.44818565249443054, 0.44845929741859436, 0.4442250430583954, 0.4413638114929199, 0.43498721718788147], "val_loss": [0.16744685173034668, 0.15317963063716888, 0.15314210951328278, 0.1470331996679306, 0.1506117582321167, 0.150746688246727, 0.14223650097846985, 0.14444245398044586, 0.13892510533332825, 0.13693703711032867, 0.13628117740154266, 0.13472895324230194, 0.13886098563671112, 0.13209035992622375, 0.13508528470993042, 0.13547763228416443, 0.13998623192310333, 0.13391678035259247], "val_mse": [0.018651168793439865, 0.017089778557419777, 0.017285753041505814, 0.016477219760417938, 0.018693631514906883, 0.020179659128189087, 0.015490503050386906, 0.016596732661128044, 0.015283862128853798, 0.016483725979924202, 0.01573895290493965, 0.01482650637626648, 0.01553521677851677, 0.014779587276279926, 0.014857255853712559, 0.015315248630940914, 0.01629238948225975, 0.01498261746019125], "val_ssim_loss": [0.5146368145942688, 0.4707225263118744, 0.4701401889324188, 0.4516638219356537, 0.45842066407203674, 0.45540308952331543, 0.4379771649837494, 0.44274914264678955, 0.42742130160331726, 0.41799476742744446, 0.4175463616847992, 0.4145013093948364, 0.42662110924720764, 0.405815452337265, 0.41561731696128845, 0.4158565104007721, 0.42860522866249084, 0.4114297926425934]}